MW,LogP,HBD,HBA,TPSA,NumRotatableBonds,NumAromaticRings,NumHeavyAtoms,ToxicityRisk
399.67,3.67,2,6,75.2,4,2,30,0
336.17,1.67,2,4,15.23,5,1,25,0
414.77,1.27,0,3,83.65,5,1,31,0
502.3,2.49,0,3,93.18,5,1,38,0
326.58,2.24,2,8,67.68,2,2,25,0
326.59,1.82,1,4,141.23,3,2,25,0
507.92,3.54,1,3,49.51,3,1,39,0
426.74,3.93,3,7,59.17,5,0,32,0
303.05,2.63,2,1,58.15,5,0,23,0
404.26,4.72,0,6,67.71,9,4,31,1
303.66,0.79,0,2,60.14,1,3,23,0
303.43,2.21,2,3,27.8,5,3,23,0
374.2,1.42,0,8,53.6,6,2,28,0
158.67,-0.3,3,6,67.07,5,1,12,0
177.51,2.38,1,5,106.86,8,3,13,0
293.77,2.32,1,3,136.07,4,2,22,0
248.72,4.77,3,2,110.06,6,2,19,0
381.42,3.45,1,7,46.74,5,3,29,0
259.2,0.96,0,5,49.13,7,2,19,0
208.77,5.28,4,3,65.22,4,0,16,0
496.56,4.33,1,4,123.54,7,3,38,0
327.42,3.37,3,6,65.04,4,3,25,0
356.75,2.16,1,4,30.17,5,2,27,0
207.53,1.06,3,4,54.96,5,4,15,0
295.56,1.94,1,7,92.71,5,0,22,0
361.09,4.13,0,9,90.7,6,2,27,1
234.9,5.33,1,3,63.99,5,2,18,0
387.57,4.81,2,2,90.5,3,2,29,0
289.94,1.77,1,4,10.0,3,3,22,0
320.83,0.82,0,5,73.11,5,0,24,0
289.83,2.71,1,1,95.82,4,0,22,0
535.23,-0.15,1,7,45.01,5,0,41,0
348.65,2.98,2,6,44.91,2,2,26,0
244.23,2.28,3,10,14.01,8,1,18,0
432.25,1.8,5,4,117.7,4,1,33,0
227.92,0.11,3,4,48.4,1,2,17,0
370.89,3.27,2,4,77.23,3,5,28,1
154.03,1.7,3,8,88.12,6,4,11,0
217.18,0.75,2,2,115.36,7,3,16,0
369.69,-1.81,2,4,65.38,5,1,28,0
423.85,2.46,1,3,53.82,3,1,32,0
367.14,5.16,1,7,75.19,5,1,28,0
338.44,4.99,1,3,108.52,4,3,26,0
319.89,1.81,4,5,64.89,4,1,24,0
202.15,1.6,3,4,41.35,2,0,15,0
278.02,3.2,1,3,23.78,3,5,21,0
303.94,1.0,1,4,33.36,4,1,23,0
455.71,2.95,3,5,95.93,6,2,35,0
384.36,3.65,1,6,60.38,8,1,29,0
173.7,4.34,1,4,51.77,5,0,13,0
382.41,2.35,1,3,48.52,2,0,29,0
311.49,2.19,1,5,72.55,3,0,23,0
282.31,1.18,0,1,62.82,6,2,21,0
411.17,1.26,3,4,61.81,6,2,31,0
453.1,2.16,1,2,110.48,9,2,34,0
443.13,3.05,0,3,116.14,5,2,34,0
266.08,3.87,2,6,21.7,3,1,20,0
319.08,1.3,1,3,79.83,6,3,24,0
383.13,4.74,2,1,46.69,4,2,29,0
447.55,2.09,1,3,62.55,5,4,34,0
302.08,2.47,2,3,79.28,4,3,23,0
331.43,1.38,0,2,63.62,7,1,25,0
239.37,-1.14,2,5,76.91,9,1,18,0
230.38,3.83,1,5,90.19,6,2,17,0
431.25,3.61,2,5,78.84,5,3,33,0
485.62,2.08,3,4,50.59,2,3,37,0
342.8,2.6,1,6,51.12,7,2,26,0
450.35,3.27,2,6,26.81,2,0,34,0
386.16,0.16,1,5,44.38,5,1,29,0
285.49,1.71,3,3,128.86,5,3,21,0
386.14,3.69,1,1,46.24,4,4,29,0
503.8,0.62,1,0,34.2,2,2,38,0
346.42,2.94,1,5,79.6,11,4,26,1
506.46,0.47,1,0,66.69,5,3,38,0
100.0,3.2,0,5,64.13,8,1,7,0
432.19,2.45,1,3,112.27,10,2,33,0
358.7,0.08,1,4,86.47,10,3,27,0
320.1,4.25,1,4,54.1,5,2,24,0
359.18,1.4,1,6,57.27,2,2,27,0
151.24,1.28,3,5,54.92,7,2,11,0
328.03,2.8,0,3,96.24,7,1,25,0
385.71,4.22,1,6,60.76,10,3,29,0
497.79,0.98,2,0,16.21,3,4,38,0
298.17,2.59,0,3,68.55,7,1,22,0
269.15,3.14,2,4,23.89,6,1,20,0
299.82,3.54,1,8,135.53,2,1,23,0
441.54,2.76,3,2,41.03,2,2,33,0
382.88,1.95,1,6,65.14,3,3,29,0
297.02,1.26,4,2,77.75,4,2,22,0
401.33,2.63,0,5,61.34,2,4,30,1
359.71,0.89,2,4,61.3,9,2,27,0
446.86,-1.88,1,2,82.65,7,1,34,0
279.79,3.15,1,4,115.79,8,4,21,0
317.23,3.86,6,1,93.03,3,1,24,0
310.79,-1.04,2,4,114.36,7,2,23,0
203.65,0.99,1,4,38.6,3,5,15,0
379.61,3.43,2,6,79.52,10,0,29,0
376.11,5.59,5,8,74.66,4,2,28,0
350.51,2.53,1,2,80.53,7,2,26,0
326.54,1.41,3,3,111.29,2,1,25,0
208.46,2.23,1,5,63.38,2,4,16,0
307.94,4.56,1,3,57.83,5,6,23,1
315.73,1.53,0,7,86.02,10,5,24,0
269.77,1.3,3,7,16.65,6,2,20,0
333.87,1.78,3,6,62.89,4,4,25,0
390.41,1.07,2,2,65.97,1,3,30,0
538.62,2.68,1,6,42.39,8,2,41,0
367.46,4.94,1,4,101.71,5,2,28,0
375.76,2.98,2,3,38.13,3,1,28,0
342.56,2.12,0,6,65.92,4,2,26,0
158.12,2.06,0,6,78.79,3,5,12,0
347.35,0.16,2,5,110.6,3,0,26,0
356.02,3.82,2,7,69.68,4,0,27,0
596.32,2.38,2,2,98.08,4,3,45,0
330.76,2.23,0,5,91.02,5,2,25,0
380.15,7.0,0,7,73.7,3,2,29,0
346.53,2.95,1,6,37.31,6,4,26,0
233.13,1.37,2,7,26.96,4,2,17,0
464.28,1.86,0,6,73.2,6,1,35,0
425.19,4.22,1,4,53.72,6,4,32,0
429.1,2.67,1,1,97.58,5,0,33,0
259.06,0.34,3,6,92.38,7,3,19,0
490.28,3.88,0,3,64.46,5,1,37,0
209.81,1.5,0,5,35.27,6,3,16,0
408.69,5.31,1,2,85.32,4,2,31,0
569.05,4.12,2,5,39.46,8,2,43,0
250.95,1.83,1,4,47.25,11,2,19,0
293.37,4.42,4,5,40.62,6,2,22,0
359.97,2.6,2,3,65.84,3,0,27,0
299.65,3.78,0,6,105.11,4,2,23,0
194.93,3.23,1,4,69.85,8,2,14,0
356.86,1.23,3,1,56.7,6,2,27,0
243.77,1.53,2,1,24.23,5,0,18,0
397.36,4.04,1,3,86.56,6,2,30,0
258.06,2.0,0,6,46.59,4,3,19,0
504.99,1.89,0,5,73.53,5,2,38,0
271.67,1.07,3,5,59.37,14,1,20,0
317.79,3.14,3,1,95.15,4,0,24,0
431.35,5.59,0,2,65.28,6,0,33,0
226.91,0.9,2,2,68.23,2,1,17,0
372.75,2.54,0,4,84.57,5,2,28,0
480.71,4.62,4,4,133.21,5,1,36,0
189.25,2.38,0,3,96.65,4,0,14,0
368.46,3.18,1,6,67.34,3,1,28,0
375.99,0.91,2,7,70.1,6,3,28,0
428.18,3.14,0,5,54.25,5,0,32,0
226.3,2.22,1,3,41.5,7,1,17,0
217.95,3.98,0,7,53.42,8,1,16,0
402.19,4.28,3,2,46.84,6,2,30,0
379.7,6.38,3,2,89.6,5,2,29,0
375.05,3.37,1,4,37.86,8,1,28,0
384.64,2.99,2,4,110.0,9,1,29,0
282.0,2.79,0,2,92.56,3,2,21,0
373.23,1.97,1,7,70.62,5,2,28,0
379.31,3.01,3,4,70.01,2,0,29,0
278.56,2.06,3,5,53.28,6,3,21,0
536.58,2.75,0,5,78.1,9,3,41,0
397.38,4.48,0,3,102.64,5,3,30,0
230.87,0.99,1,3,48.91,7,1,17,0
415.66,4.21,2,7,24.0,7,1,31,0
252.53,4.48,0,3,91.1,3,1,19,0
428.71,2.32,1,8,79.73,5,3,32,0
465.86,-0.68,2,8,36.39,5,0,35,0
267.93,1.59,0,4,48.0,4,1,20,0
446.34,4.45,0,4,44.23,5,2,34,0
391.28,2.47,0,3,48.26,4,4,30,0
432.21,1.0,2,2,60.29,8,4,33,0
539.68,1.74,2,4,62.0,7,0,41,0
325.46,3.76,2,5,50.48,6,6,25,1
274.63,3.32,1,5,47.26,7,0,21,0
261.05,2.14,4,4,63.14,10,0,20,0
268.42,1.95,2,7,75.03,4,0,20,0
342.29,1.91,2,7,60.51,9,0,26,0
384.12,1.12,1,8,104.76,9,0,29,0
377.67,4.92,1,5,85.24,9,4,29,1
432.72,2.02,2,2,22.27,3,1,33,0
351.3,4.33,2,5,85.71,3,2,27,0
495.35,4.78,1,1,88.17,8,2,38,0
323.53,4.0,2,2,56.96,6,1,24,0
622.02,1.85,2,3,25.14,9,3,47,0
412.57,3.11,0,4,70.24,2,1,31,0
264.28,2.46,1,1,69.77,6,0,20,0
242.91,1.14,0,4,36.35,2,3,18,0
398.25,2.99,3,5,26.46,9,4,30,1
327.65,0.73,1,6,67.37,6,1,25,0
421.4,4.28,2,9,63.01,1,2,32,0
397.32,1.8,2,3,57.48,3,2,30,0
342.72,2.8,0,3,67.5,4,2,26,0
265.32,2.92,4,6,36.92,4,0,20,0
198.52,2.11,2,5,56.96,6,2,15,0
305.35,3.38,1,4,86.0,8,0,23,0
435.64,1.79,0,6,59.5,5,2,33,0
371.41,3.81,1,5,19.84,11,4,28,1
225.43,0.48,1,1,55.82,9,1,17,0
367.32,2.69,0,6,37.9,5,1,28,0
388.53,5.41,3,7,78.01,4,1,29,0
261.61,1.0,2,3,79.57,3,2,20,0
365.37,1.48,0,5,20.24,12,3,28,0
355.82,3.27,2,4,92.77,5,1,27,0
235.7,2.77,1,10,36.63,12,3,18,0
385.78,3.03,0,3,116.78,4,4,29,0
406.08,3.23,2,4,68.54,5,1,31,0
458.31,3.45,4,8,32.61,3,2,35,0
455.38,4.16,3,6,35.74,3,3,35,1
212.23,3.11,2,3,80.44,5,3,16,0
256.22,2.14,2,2,58.26,3,0,19,0
401.5,3.51,1,5,67.1,8,2,30,0
401.38,5.35,1,5,118.38,6,3,30,1
401.5,2.3,3,7,49.02,4,4,30,1
735.27,1.04,2,5,71.8,2,2,56,0
407.09,4.16,1,7,112.6,8,1,31,0
463.56,2.32,2,4,78.12,7,3,35,0
445.4,-0.76,2,5,21.8,3,2,34,0
415.14,3.77,0,6,85.16,3,1,31,0
318.47,1.7,2,2,35.11,8,4,24,0
425.9,2.36,0,7,112.2,5,5,32,0
272.72,3.0,1,4,45.31,6,2,20,0
326.32,2.79,3,4,159.09,9,1,25,0
301.46,3.56,4,4,114.02,4,3,23,0
358.19,1.85,3,4,46.1,5,3,27,0
581.47,3.27,1,5,70.6,6,2,44,0
163.27,2.11,2,5,92.61,7,3,12,0
418.63,3.61,0,4,93.51,3,0,32,0
188.73,3.42,3,0,83.27,4,4,14,0
302.81,1.1,1,5,107.56,4,1,23,0
458.9,4.13,1,2,66.31,1,0,35,0
356.43,1.7,0,3,59.0,5,2,27,0
242.23,3.71,0,9,59.59,4,2,18,0
278.47,3.05,1,4,95.75,1,0,21,0
417.96,5.26,1,10,80.96,3,3,32,1
276.96,2.16,1,6,78.74,7,4,21,0
371.65,1.98,1,3,93.86,0,2,28,0
354.56,2.47,1,6,10.0,9,0,27,0
284.84,2.05,0,4,79.3,5,2,21,0
564.39,3.7,3,3,76.56,4,3,43,0
413.39,0.08,1,2,120.06,0,2,31,0
147.49,0.92,0,3,24.14,6,2,11,0
368.65,0.9,0,5,116.72,6,3,28,0
283.82,3.93,0,2,72.26,2,2,21,0
435.24,5.07,2,5,84.67,3,1,33,0
270.75,2.34,3,3,120.28,5,1,20,0
338.53,2.25,0,4,86.82,7,3,26,0
400.5,2.61,0,4,82.01,5,1,30,0
436.58,4.24,0,5,77.27,5,4,33,1
229.97,1.11,1,3,55.5,6,1,17,0
316.55,2.86,4,4,69.15,3,3,24,0
302.51,3.96,1,4,48.53,5,2,23,0
284.67,3.25,0,5,68.66,4,3,21,0
526.55,2.78,0,2,10.0,3,1,40,0
390.5,4.0,2,7,82.87,7,1,30,0
223.91,-1.55,1,2,66.35,4,4,17,0
441.79,3.52,0,4,59.91,7,1,33,0
562.22,1.52,1,4,76.59,6,1,43,0
453.25,-0.25,0,3,26.99,4,3,34,0
198.06,3.27,3,5,127.88,4,0,15,0
301.58,4.56,1,4,66.92,3,2,23,0
476.69,2.29,0,3,65.62,5,1,36,0
279.23,3.93,0,2,41.04,4,3,21,0
394.38,4.92,3,2,70.72,10,1,30,0
427.46,4.47,1,6,111.61,8,1,32,0
257.31,4.96,1,6,101.08,2,3,19,1
344.05,3.61,2,1,95.63,3,1,26,0
100.0,2.61,2,2,86.39,7,3,7,0
247.56,0.1,1,4,59.24,4,3,19,0
324.74,2.13,1,1,26.5,6,4,24,0
225.22,1.24,2,5,63.97,4,3,17,0
513.24,5.76,2,4,62.92,5,3,39,1
206.99,2.24,2,3,101.46,5,0,15,0
306.0,2.68,1,12,79.28,9,3,23,0
363.07,3.33,2,3,118.37,4,2,27,0
494.13,2.57,2,5,105.92,1,4,38,0
206.41,5.04,2,5,56.31,4,1,15,0
466.32,1.57,0,3,16.15,6,1,35,0
351.02,2.79,4,4,111.57,3,0,27,0
251.85,1.39,2,7,110.78,4,2,19,0
396.21,0.52,1,7,29.01,10,0,30,0
369.91,1.58,2,7,115.28,9,2,28,0
289.98,2.44,2,2,81.46,6,2,22,0
356.98,1.86,0,5,74.82,7,1,27,0
311.47,1.46,1,3,118.44,0,0,23,0
361.35,0.39,2,6,110.34,6,4,27,0
416.21,2.38,1,3,89.54,2,3,32,0
508.6,0.24,3,6,84.2,3,2,39,0
226.22,3.64,1,4,88.49,13,0,17,0
563.3,2.62,1,7,58.0,5,1,43,0
154.79,0.31,2,5,68.35,2,0,11,0
334.82,2.04,0,2,42.93,6,3,25,0
408.83,1.37,1,2,60.01,6,2,31,0
378.1,2.98,1,3,59.0,4,0,29,0
287.73,4.51,2,6,50.94,8,1,22,0
329.19,-0.31,1,7,74.1,10,3,25,0
300.7,2.67,2,4,60.28,9,1,23,0
291.06,2.26,2,4,85.07,4,2,22,0
434.96,3.51,0,6,21.33,3,1,33,0
385.7,2.82,4,5,66.6,6,2,29,0
280.71,1.37,3,7,73.95,7,3,21,0
439.96,2.02,0,2,60.68,5,1,33,0
380.73,1.31,1,9,64.83,4,2,29,0
431.29,4.11,1,5,22.44,6,1,33,0
412.96,2.53,2,5,80.69,5,2,31,0
267.1,5.35,1,5,89.43,5,2,20,0
293.98,2.41,0,6,84.81,1,3,22,0
424.73,1.44,0,3,101.16,6,1,32,0
411.04,0.23,1,7,76.05,4,0,31,0
347.91,-0.2,1,13,84.36,4,2,26,0
361.73,0.12,1,6,74.68,2,4,27,0
477.77,2.9,4,6,90.63,5,2,36,0
290.84,3.26,0,5,22.68,4,2,22,0
404.71,0.13,3,3,43.19,9,2,31,0
329.78,3.84,4,6,117.61,4,2,25,0
328.23,1.78,1,6,10.0,0,1,25,0
459.88,2.72,1,3,65.79,11,0,35,0
432.54,4.92,1,2,105.17,8,0,33,0
431.35,3.85,0,3,67.2,7,2,33,0
480.55,2.1,3,4,57.85,6,2,36,0
352.1,1.16,2,2,73.88,3,1,27,0
418.2,-0.73,1,3,59.41,5,0,32,0
318.97,1.42,3,9,70.93,6,1,24,0
382.42,2.18,4,4,49.5,3,2,29,0
336.99,1.02,0,6,103.26,5,3,25,0
359.7,2.3,3,1,112.7,8,1,27,0
409.52,2.62,1,4,66.0,6,4,31,0
268.18,2.16,2,7,28.41,7,1,20,0
559.24,1.52,1,6,54.28,4,3,43,0
249.4,2.75,1,1,64.48,3,1,19,0
228.58,3.16,3,8,85.17,8,2,17,0
465.81,0.86,2,3,39.76,1,1,35,0
429.17,4.62,2,5,46.93,5,3,33,1
412.41,2.35,0,3,85.32,6,1,31,0
412.83,2.53,1,4,98.17,5,3,31,0
348.78,3.56,1,3,51.35,5,0,26,0
260.27,2.85,2,5,30.0,5,0,20,0
357.58,3.93,3,2,168.52,5,3,27,0
282.28,2.93,3,4,93.5,6,2,21,0
447.51,1.58,2,7,61.99,5,2,34,0
335.29,3.04,0,8,96.07,5,4,25,1
267.45,0.78,2,5,66.27,8,1,20,0
317.86,2.66,0,4,96.01,3,3,24,0
391.29,2.45,2,5,74.78,5,2,30,0
293.63,2.19,3,6,72.74,3,6,22,1
267.78,2.31,1,7,66.59,3,2,20,0
374.37,-0.32,3,6,26.58,7,1,28,0
374.5,1.68,1,6,128.14,4,1,28,0
299.31,2.64,0,6,41.75,4,1,23,0
302.9,2.74,3,3,29.2,2,4,23,0
373.2,0.96,0,6,63.61,6,2,28,0
205.19,4.4,2,7,41.16,3,4,15,0
209.25,1.2,2,4,68.45,7,4,16,0
278.16,3.95,4,2,90.63,7,0,21,0
328.66,3.14,3,6,99.86,8,1,25,0
381.09,1.53,2,7,94.44,6,1,29,0
497.54,5.16,2,0,60.83,7,3,38,0
435.77,0.71,3,2,71.49,4,2,33,0
334.01,3.88,2,4,82.24,7,4,25,0
348.1,4.0,2,3,17.27,2,1,26,0
249.75,1.49,0,4,87.12,5,1,19,0
348.15,4.59,2,3,26.28,3,4,26,1
321.13,2.12,1,8,131.21,7,5,24,0
382.27,2.93,2,6,57.86,5,2,29,0
267.28,2.89,2,4,64.45,7,2,20,0
401.93,2.3,2,3,46.91,9,2,30,0
503.27,3.72,2,2,51.1,6,1,38,0
339.12,3.69,2,6,138.22,5,4,26,1
390.17,-0.12,2,5,98.21,7,2,30,0
419.01,4.46,1,2,23.52,1,1,32,0
309.88,0.01,2,11,115.13,3,3,23,0
372.41,4.05,4,6,105.8,3,1,28,0
351.26,4.19,0,5,61.56,11,1,27,0
359.77,0.86,0,2,79.2,4,3,27,0
272.7,1.88,1,2,69.55,2,1,20,0
352.45,0.84,0,5,129.18,5,0,27,0
399.8,2.18,3,6,46.11,7,1,30,0
495.11,2.04,0,3,74.38,2,4,38,0
445.93,3.67,0,4,57.16,5,2,34,0
565.32,4.47,3,5,27.01,2,0,43,0
273.27,4.59,1,6,135.75,1,3,21,0
437.23,1.66,2,6,34.55,6,3,33,0
368.33,2.19,0,3,76.6,4,4,28,0
568.98,-0.03,0,4,17.78,7,2,43,0
269.17,1.29,2,2,58.03,7,2,20,0
266.03,3.95,0,3,82.66,6,3,20,0
290.06,4.92,0,7,45.26,6,1,22,0
137.61,0.65,2,5,87.6,6,3,10,0
297.42,1.61,2,6,61.93,7,1,22,0
274.09,2.46,2,1,104.8,4,2,21,0
365.04,2.92,3,4,110.85,9,3,28,0
384.18,1.29,2,3,52.4,4,3,29,0
537.62,3.14,3,4,72.3,6,0,41,0
445.04,1.79,2,5,75.5,7,2,34,0
292.31,2.48,1,4,88.58,4,2,22,0
260.16,3.32,3,1,70.43,6,2,20,0
399.19,2.51,1,2,75.71,2,1,30,0
217.98,1.85,1,7,62.7,6,1,16,0
533.15,2.34,0,7,73.46,4,0,41,0
467.94,2.37,1,3,108.94,3,1,35,0
303.08,1.94,1,4,89.38,3,4,23,0
178.69,2.11,3,3,91.04,5,3,13,0
485.39,4.9,0,4,91.69,3,3,37,1
338.55,3.34,1,1,65.39,4,4,26,0
473.78,2.06,1,3,79.56,3,1,36,0
190.56,3.55,1,6,37.44,6,4,14,0
290.06,2.0,1,2,108.06,9,1,22,0
350.52,4.26,1,7,10.0,5,2,26,0
354.7,3.05,0,1,67.39,6,2,27,0
304.99,2.34,1,2,104.23,4,0,23,0
412.28,3.17,2,6,29.08,3,2,31,0
243.24,0.14,2,4,81.99,9,2,18,0
335.76,0.81,0,2,49.58,3,2,25,0
362.03,0.71,1,5,58.94,9,1,27,0
401.44,2.71,6,7,98.38,4,4,30,0
421.16,5.1,1,6,75.94,8,3,32,1
237.54,5.85,1,3,10.0,3,3,18,0
196.59,3.46,1,5,40.71,3,3,15,0
477.77,3.25,1,4,99.26,5,4,36,0
383.23,-0.2,1,6,83.47,8,0,29,0
275.15,1.69,3,4,122.44,3,3,21,0
505.12,1.32,1,7,120.48,4,2,38,0
361.57,1.57,1,2,59.73,8,4,27,0
467.93,2.25,0,3,145.1,3,1,35,0
356.75,1.79,3,3,70.73,3,1,27,0
556.07,-0.47,0,5,41.12,2,1,42,0
525.53,3.62,0,4,50.99,7,2,40,0
325.1,0.89,2,9,10.0,2,3,25,0
447.16,2.86,1,5,118.21,6,2,34,0
414.54,5.61,3,8,117.84,5,1,31,0
486.86,1.12,1,3,39.53,6,1,37,0
253.51,-1.3,0,1,63.16,2,0,19,0
418.61,2.07,5,1,72.87,10,3,32,0
455.84,4.15,1,8,41.19,3,5,35,1
174.13,5.44,2,7,17.35,6,1,13,0
231.67,0.66,2,6,63.69,5,3,17,0
146.08,3.25,0,6,60.37,7,2,11,0
323.06,1.8,0,8,58.35,6,0,24,0
421.75,2.34,1,2,76.68,7,3,32,0
500.24,6.47,3,8,112.89,4,2,38,1
357.41,0.25,1,7,60.91,7,1,27,0
512.86,2.88,2,4,75.11,2,1,39,0
211.99,3.2,0,7,91.81,6,2,16,0
179.66,4.13,2,4,86.62,7,3,13,0
344.45,2.65,0,4,51.57,5,2,26,0
388.41,2.96,1,3,72.89,4,1,29,0
346.73,1.91,0,4,86.43,5,4,26,0
143.26,2.9,1,6,36.15,2,1,11,0
341.09,1.99,1,7,107.91,8,5,26,1
219.55,3.43,0,1,112.95,5,2,16,0
416.97,1.95,1,5,48.32,6,0,32,0
386.66,3.07,1,1,75.81,5,1,29,0
256.01,2.46,1,4,89.27,6,2,19,0
298.61,4.19,2,3,53.63,8,3,22,0
244.08,2.42,1,6,84.45,7,2,18,0
343.73,-0.16,3,6,74.9,0,0,26,0
445.51,4.39,1,0,25.96,4,0,34,0
251.43,1.14,0,3,83.77,7,2,19,0
400.4,1.52,2,4,37.0,7,1,30,0
296.97,1.61,3,4,98.18,2,2,22,0
270.71,4.56,2,5,49.86,3,2,20,0
339.3,-0.7,1,5,65.16,9,2,26,0
246.48,7.0,1,7,111.17,7,0,18,0
294.64,4.08,2,2,84.89,8,0,22,0
230.21,2.83,2,4,37.62,4,2,17,0
546.47,2.42,2,9,39.55,2,2,42,0
353.53,2.93,2,2,52.02,6,2,27,0
280.03,3.28,2,5,81.84,2,3,21,0
371.4,3.47,6,6,80.75,4,1,28,0
338.77,3.33,0,4,44.71,9,4,26,1
327.9,2.63,2,8,34.98,4,1,25,0
411.42,2.2,2,0,78.45,3,0,31,0
425.75,2.27,0,2,64.54,4,3,32,0
296.95,2.21,2,1,134.72,2,1,22,0
292.42,4.2,1,1,71.1,7,4,22,0
322.49,3.39,1,6,124.43,7,2,24,0
119.81,-1.91,4,8,34.89,2,2,9,0
198.48,3.48,3,5,22.8,4,3,15,0
486.69,2.79,1,1,36.4,4,1,37,0
514.5,2.47,0,9,105.67,5,3,39,1
325.1,1.92,0,3,122.68,6,0,25,0
407.66,4.19,0,4,46.53,6,2,31,0
381.13,3.92,2,9,56.18,8,0,29,0
657.89,1.34,2,4,34.93,4,0,50,0
461.96,3.11,5,2,15.65,1,1,35,0
337.21,1.04,1,5,91.55,4,1,25,0
254.45,0.43,0,5,76.69,6,1,19,0
189.36,1.56,1,6,70.31,3,2,14,0
370.35,3.79,2,4,28.0,4,1,28,0
274.36,3.93,1,2,119.2,1,2,21,0
207.77,3.27,3,3,54.9,7,1,15,0
285.34,3.59,2,2,86.01,2,1,21,0
241.85,3.27,1,2,26.36,9,2,18,0
518.71,1.54,3,6,64.28,6,1,39,0
438.16,3.15,0,5,78.74,5,1,33,0
349.2,3.7,0,1,79.81,10,3,26,0
497.99,3.63,1,3,74.64,7,1,38,0
357.74,4.28,4,9,84.84,5,3,27,1
263.87,3.56,2,2,36.08,4,1,20,0
502.31,3.03,0,6,75.92,11,2,38,0
403.89,4.11,1,5,73.41,4,0,31,0
246.28,2.46,1,4,76.95,3,1,18,0
330.97,1.18,2,3,72.17,1,2,25,0
262.44,2.26,3,7,31.8,7,1,20,0
211.72,1.38,3,5,30.47,5,0,16,0
442.62,1.49,3,2,10.0,7,2,34,0
540.94,2.28,1,6,94.53,5,2,41,0
210.14,1.31,1,3,94.83,2,3,16,0
406.3,2.04,1,3,95.31,5,1,31,0
284.94,-0.34,0,3,79.2,9,1,21,0
301.29,2.82,2,5,10.0,11,2,23,0
290.76,2.5,1,5,39.2,6,2,22,0
263.6,1.27,3,1,75.11,6,2,20,0
354.85,3.49,2,5,74.07,3,2,27,0
266.9,3.91,1,8,63.32,8,3,20,0
377.05,0.09,1,3,81.07,3,3,29,0
344.98,1.36,2,4,70.35,8,1,26,0
326.11,1.35,0,2,73.62,7,1,25,0
259.24,1.09,3,2,50.83,6,3,19,0
292.32,3.74,1,5,99.46,6,3,22,0
425.54,2.21,0,4,57.08,3,2,32,0
400.09,2.1,0,4,30.08,7,2,30,0
252.24,-0.51,1,6,46.87,4,3,19,0
359.93,3.45,0,5,59.55,4,2,27,0
425.14,0.64,2,2,99.82,10,2,32,0
183.06,2.59,1,3,68.73,6,3,14,0
404.34,2.92,0,6,64.42,2,1,31,0
283.74,4.54,0,8,32.54,4,3,21,0
407.06,0.54,1,5,93.56,3,0,31,0
273.67,-2.0,0,5,50.44,9,3,21,0
169.51,2.78,2,3,67.0,6,1,13,0
187.25,5.2,1,3,114.41,3,4,14,0
354.81,4.36,2,5,85.26,7,2,27,0
375.97,2.81,1,4,21.15,5,3,28,0
259.57,1.76,0,3,16.91,7,2,19,0
413.86,3.71,1,9,68.07,7,1,31,0
183.85,1.04,6,4,33.62,2,2,14,0
343.39,3.21,2,6,89.46,7,3,26,0
228.9,3.26,1,7,71.27,3,3,17,0
284.82,4.09,2,7,74.96,7,1,21,0
354.74,6.64,3,5,48.8,5,1,27,0
263.96,3.09,1,7,122.24,8,1,20,0
311.54,1.74,3,5,155.28,3,6,23,1
450.63,2.46,0,2,61.64,7,3,34,0
292.31,-0.15,2,5,80.59,4,2,22,0
433.57,1.46,0,7,72.92,3,1,33,0
237.03,1.89,3,5,62.21,3,0,18,0
402.98,1.71,2,6,45.04,2,2,30,0
494.16,2.73,4,4,37.45,9,0,38,0
102.84,1.27,1,6,35.93,10,2,7,0
270.31,4.18,3,11,82.16,7,0,20,0
407.71,2.5,0,3,54.41,7,2,31,0
329.7,2.49,2,6,10.0,4,1,25,0
387.11,2.01,1,7,83.35,4,2,29,0
289.6,2.73,1,3,68.85,5,3,22,0
358.66,3.74,0,5,110.4,3,3,27,0
334.43,1.2,1,2,81.19,7,1,25,0
466.78,1.51,0,4,25.64,4,3,35,0
375.44,2.04,0,3,10.0,4,2,28,0
383.76,0.48,2,3,48.42,4,3,29,0
308.81,1.27,0,1,51.25,8,1,23,0
301.24,1.79,0,7,98.29,5,1,23,0
306.74,3.81,3,3,69.73,3,3,23,0
389.45,2.89,2,9,104.01,11,2,29,0
307.9,2.79,1,5,30.26,7,5,23,1
378.98,3.78,4,5,98.96,5,4,29,1
557.54,2.29,2,3,91.63,6,1,42,0
437.11,3.09,3,7,10.0,2,1,33,0
317.4,2.35,2,3,109.68,1,1,24,0
470.12,2.9,1,6,72.8,3,0,36,0
309.19,1.63,2,3,81.76,5,2,23,0
146.19,-1.16,3,1,44.05,7,1,11,0
249.19,2.3,2,8,108.26,3,0,19,0
162.92,4.63,1,9,34.42,4,2,12,0
314.85,3.89,2,4,94.96,2,2,24,0
351.84,3.95,2,4,94.62,5,4,27,0
517.64,4.35,1,5,40.77,2,1,39,0
382.69,2.63,1,4,129.5,5,2,29,0
328.09,2.8,0,7,76.95,7,0,25,0
432.94,1.57,1,5,89.62,3,2,33,0
128.89,2.03,0,3,24.19,6,2,9,0
373.56,3.42,2,9,133.53,3,2,28,0
427.09,4.31,2,6,33.26,10,3,32,0
202.14,2.29,2,5,100.75,5,2,15,0
464.38,1.82,0,12,40.16,3,1,35,0
383.85,2.5,2,4,51.43,7,0,29,0
308.47,3.4,2,2,93.66,3,2,23,0
413.28,0.33,3,4,100.83,5,2,31,0
577.07,-0.94,3,2,31.86,4,1,44,0
368.19,1.67,3,5,102.71,7,0,28,0
374.82,0.67,2,5,101.35,4,4,28,0
304.06,1.74,2,3,41.86,4,1,23,0
265.02,2.28,0,4,117.96,3,1,20,0
433.03,1.82,2,5,26.29,6,2,33,0
264.39,4.68,2,3,51.26,10,2,20,0
357.16,2.99,2,5,84.37,3,0,27,0
302.23,2.95,0,4,44.39,5,1,23,0
397.9,3.43,0,1,77.91,4,0,30,0
383.37,0.79,2,6,77.23,5,2,29,0
453.75,4.06,1,4,64.39,2,3,34,0
299.0,2.39,2,7,94.97,3,3,22,0
323.01,3.51,2,3,63.15,4,2,24,0
252.12,0.89,4,6,76.95,6,2,19,0
305.57,0.17,0,5,104.39,7,2,23,0
387.73,3.73,1,4,93.72,4,4,29,0
425.7,3.06,0,6,93.58,7,1,32,0
257.78,1.15,0,5,35.52,4,2,19,0
436.96,1.2,0,1,85.74,5,1,33,0
485.56,4.19,1,8,43.65,6,0,37,0
391.34,0.72,2,2,31.56,9,2,30,0
537.68,4.96,0,5,67.85,3,4,41,1
272.62,1.15,1,3,42.87,9,0,20,0
225.53,3.46,3,4,93.72,6,3,17,0
172.13,2.01,1,4,94.44,2,2,13,0
499.6,3.4,3,7,12.92,9,3,38,1
415.44,1.68,3,5,45.15,4,3,31,0
344.44,2.26,2,4,26.21,5,3,26,0
378.0,2.56,1,5,56.12,5,3,29,0
237.45,1.0,1,8,83.66,4,2,18,0
594.58,3.61,1,7,62.73,3,0,45,0
362.92,1.73,1,6,52.31,5,4,27,0
360.94,2.16,0,5,109.01,4,0,27,0
422.58,1.01,2,3,10.0,3,3,32,0
398.1,-1.34,1,3,107.11,5,2,30,0
372.39,2.21,3,6,53.67,6,2,28,0
270.95,6.12,2,3,67.66,9,2,20,0
397.15,3.68,2,4,54.18,3,1,30,0
538.2,2.47,0,4,116.29,5,3,41,1
484.54,2.11,2,4,33.07,7,3,37,0
509.32,2.53,1,2,70.35,5,3,39,0
298.88,3.32,3,7,85.82,2,2,22,0
251.04,0.73,2,2,21.67,5,0,19,0
337.42,4.17,0,4,42.4,7,0,25,0
355.57,3.57,4,3,65.55,8,4,27,0
459.42,3.58,2,3,43.4,2,4,35,1
180.75,3.16,3,7,45.53,3,4,13,0
502.96,2.53,0,5,59.5,6,4,38,0
334.2,3.51,1,1,89.49,3,3,25,0
307.31,3.39,2,5,59.72,6,2,23,0
248.79,1.97,2,4,102.35,10,3,19,0
184.51,1.64,1,4,40.07,2,2,14,0
432.32,2.65,1,6,32.44,6,1,33,0
357.33,4.82,1,3,127.79,5,2,27,0
221.0,0.64,2,5,50.26,3,3,17,0
220.49,0.3,3,10,30.67,4,2,16,0
316.42,2.75,3,2,17.74,5,2,24,0
516.9,2.58,1,4,102.25,5,1,39,0
324.04,2.76,1,8,59.76,9,3,24,0
199.69,2.87,1,3,62.39,6,1,15,0
325.43,2.17,3,8,65.22,4,0,25,0
322.73,4.73,3,7,100.39,3,2,24,0
100.0,0.1,2,5,64.61,4,4,7,0
344.57,1.26,1,2,140.32,2,0,26,0
326.91,2.35,0,0,74.01,5,1,25,0
419.62,0.04,1,9,101.85,4,1,32,0
534.9,2.24,1,4,94.16,2,2,41,0
462.66,4.99,1,3,68.91,5,3,35,1
323.11,2.53,2,7,52.39,11,2,24,0
239.35,2.85,3,5,79.96,4,2,18,0
607.34,0.61,3,1,85.3,6,0,46,0
355.92,1.58,1,5,52.82,2,0,27,0
351.39,1.94,2,2,74.99,4,1,27,0
347.59,2.02,1,5,107.09,9,3,26,0
369.81,4.42,2,7,132.1,2,1,28,0
335.56,3.34,0,3,95.63,5,2,25,0
292.63,0.83,1,9,125.88,4,1,22,0
295.31,2.87,0,4,51.12,5,1,22,0
346.72,3.25,1,3,91.06,3,2,26,0
295.66,4.21,1,8,110.16,4,2,22,0
278.72,4.87,1,2,43.11,5,2,21,0
360.64,0.98,0,7,55.43,7,0,27,0
324.5,1.28,2,7,122.14,6,2,24,0
500.4,0.61,1,3,40.75,5,0,38,0
100.0,2.15,3,5,29.77,7,3,7,0
459.15,3.2,0,6,115.84,5,1,35,0
474.61,3.98,1,6,105.9,9,1,36,0
142.66,2.39,4,2,82.96,5,3,10,0
315.73,2.02,1,7,68.63,5,3,24,0
312.86,2.73,0,4,56.84,8,1,24,0
209.25,1.25,1,7,78.46,4,1,16,0
272.22,5.63,1,4,117.39,2,1,20,0
238.94,0.09,2,3,77.16,5,1,18,0
525.23,2.78,2,9,135.01,3,2,40,0
443.57,5.54,3,1,43.06,2,3,34,0
477.16,2.51,3,3,69.41,5,3,36,0
422.17,2.21,2,6,58.81,8,1,32,0
237.09,1.96,1,7,37.45,3,4,18,0
297.55,2.23,3,5,65.41,4,3,22,0
398.94,4.56,1,5,82.52,11,2,30,0
227.79,-0.82,1,4,85.73,4,2,17,0
421.3,4.8,1,8,135.11,7,4,32,1
325.97,0.36,1,2,83.93,1,4,25,0
312.52,2.1,1,5,104.5,3,0,24,0
421.1,1.86,0,6,71.98,2,4,32,0
394.43,3.38,3,2,120.34,6,2,30,0
313.9,0.1,3,3,141.95,3,2,24,0
465.93,3.19,3,5,85.93,5,2,35,0
241.89,5.54,2,6,40.22,8,1,18,0
411.59,0.46,1,3,53.54,8,2,31,0
409.31,2.78,1,1,78.46,2,1,31,0
319.05,1.51,1,3,83.69,6,1,24,0
382.61,3.14,2,3,90.95,7,2,29,0
224.89,2.53,0,2,83.81,3,0,17,0
442.4,1.54,0,2,70.21,4,2,34,0
331.51,3.23,2,9,50.91,8,4,25,0
297.73,5.21,0,2,82.03,6,2,22,0
454.9,2.21,4,5,125.65,5,1,34,0
279.57,3.58,0,5,100.6,2,1,21,0
209.15,0.56,0,4,86.04,6,3,16,0
194.34,1.07,1,6,100.89,5,1,14,0
410.6,3.21,1,3,58.87,8,0,31,0
221.96,4.73,4,4,54.75,3,1,17,0
525.48,3.03,1,7,47.57,5,4,40,1
141.81,2.03,1,8,66.24,4,4,10,0
519.65,2.5,2,5,57.34,7,4,39,0
371.1,0.62,1,6,106.25,9,3,28,0
340.33,3.41,5,3,55.74,6,2,26,0
295.51,3.82,3,5,45.92,13,3,22,0
389.91,1.82,4,4,128.28,3,3,29,0
346.24,1.79,2,6,56.46,7,2,26,0
460.33,2.9,1,3,74.61,5,1,35,0
361.42,1.84,1,4,83.54,6,1,27,0
365.03,2.4,2,8,35.9,11,2,28,0
313.64,5.65,1,1,107.06,7,5,24,1
344.31,2.13,2,6,89.11,4,1,26,0
380.78,1.96,2,7,116.75,8,2,29,0
178.98,1.53,1,4,49.62,6,1,13,0
215.18,3.62,1,3,72.97,4,1,16,0
424.33,2.23,1,4,71.18,4,3,32,0
367.09,1.53,3,4,77.92,7,4,28,0
331.6,4.48,1,2,26.36,8,1,25,0
351.84,4.63,2,4,73.33,3,1,27,0
384.76,1.6,3,5,27.21,8,1,29,0
296.02,-0.3,1,7,80.75,6,3,22,0
272.17,4.01,0,6,10.0,8,1,20,0
369.58,1.47,3,4,14.45,3,0,28,0
252.16,3.69,2,6,94.56,3,2,19,0
390.83,-0.46,1,5,53.59,7,3,30,0
179.74,3.84,2,3,40.36,6,0,13,0
452.92,0.68,0,6,108.13,6,4,34,0
397.26,3.6,0,1,79.83,4,1,30,0
375.6,2.52,0,3,96.16,3,2,28,0
448.27,1.07,2,6,65.01,7,0,34,0
516.55,1.89,0,7,150.39,7,4,39,0
451.44,3.53,2,8,51.86,7,3,34,0
165.91,2.66,1,8,122.33,5,2,12,0
222.04,3.38,1,5,68.16,4,2,17,0
287.52,5.46,3,0,20.36,4,0,22,0
352.61,0.15,1,3,84.49,7,0,27,0
401.77,4.93,1,2,79.44,5,4,30,1
277.43,2.66,0,6,38.46,4,1,21,0
368.68,1.15,4,6,42.33,3,4,28,0
274.46,0.5,0,8,69.26,3,2,21,0
288.85,2.22,4,3,80.49,3,0,22,0
209.33,3.88,1,7,10.0,6,0,16,0
257.68,2.31,2,5,101.59,5,2,19,0
214.83,4.77,1,2,55.17,5,1,16,0
252.41,0.32,1,4,30.05,4,2,19,0
455.36,2.48,1,1,98.23,8,1,35,0
255.06,0.62,1,3,69.29,7,3,19,0
613.24,3.05,1,8,106.48,4,1,47,0
399.33,3.83,1,7,83.14,3,2,30,0
368.48,1.87,0,2,69.95,4,2,28,0
264.16,-1.41,3,4,65.42,7,2,20,0
420.03,2.8,1,11,84.48,9,1,32,0
292.44,3.16,0,3,57.59,8,1,22,0
362.2,3.11,3,3,44.42,3,3,27,0
606.01,4.35,1,1,88.3,5,2,46,0
340.39,0.89,2,4,65.67,6,2,26,0
464.93,3.52,1,5,71.01,7,3,35,0
279.68,4.29,2,7,102.68,6,1,21,0
346.5,-0.17,1,5,66.58,5,3,26,0
527.08,2.98,2,3,70.45,8,1,40,0
287.3,1.74,4,7,52.01,7,1,22,0
531.24,2.38,0,3,82.92,4,2,40,0
420.78,3.02,1,3,80.49,6,1,32,0
293.75,1.77,0,5,97.02,9,3,22,0
413.24,1.49,0,2,52.63,6,1,31,0
447.26,2.55,2,4,56.27,5,2,34,0
412.18,0.87,0,6,93.76,4,1,31,0
192.98,0.87,1,4,77.57,3,1,14,0
277.29,3.52,0,1,42.81,0,3,21,0
325.25,0.78,0,4,109.2,6,4,25,0
342.56,3.5,3,7,19.05,3,2,26,0
412.07,3.19,3,4,93.53,4,3,31,0
367.77,-0.09,1,1,32.04,4,3,28,0
216.47,1.48,3,1,126.57,8,2,16,0
388.02,4.29,1,2,23.66,3,2,29,0
411.06,1.03,5,6,104.57,4,3,31,0
405.98,1.8,1,10,67.55,2,2,31,0
458.08,3.19,3,5,59.0,5,1,35,0
433.39,3.68,1,2,75.56,7,6,33,1
395.92,2.12,2,6,88.96,9,2,30,0
342.98,1.6,1,1,42.87,8,2,26,0
183.9,4.63,2,4,45.53,10,1,14,0
392.96,5.11,0,6,89.49,6,0,30,0
370.77,3.97,2,6,18.78,14,2,28,0
377.16,2.63,1,4,52.47,3,2,29,0
222.33,1.29,1,4,161.22,6,2,17,0
241.89,1.25,2,1,40.96,8,2,18,0
455.32,3.28,1,7,104.43,4,1,35,0
346.04,3.13,2,7,52.42,6,6,26,1
418.15,4.6,0,4,85.27,8,4,32,1
352.83,3.48,0,4,89.63,9,3,27,0
352.98,0.25,2,2,103.87,6,4,27,0
443.83,4.08,1,10,63.99,9,2,34,0
298.4,1.0,1,2,129.67,1,2,22,0
359.61,1.92,4,3,52.32,6,0,27,0
303.77,2.88,2,3,77.03,6,5,23,0
306.55,5.49,1,3,77.36,7,1,23,0
319.08,7.0,1,3,36.34,4,3,24,1
372.21,3.41,1,5,61.42,13,3,28,0
302.13,2.23,2,3,74.85,3,1,23,0
475.58,3.3,1,11,57.04,5,0,36,0
260.54,3.83,3,4,143.23,4,1,20,0
331.31,2.02,0,1,44.84,4,0,25,0
306.03,5.19,0,3,105.38,8,2,23,0
494.7,2.85,4,3,95.69,3,0,38,0
369.66,3.25,2,3,69.58,2,0,28,0
453.18,3.5,2,5,44.04,4,3,34,0
201.44,3.13,1,5,46.95,5,2,15,0
376.71,3.76,3,10,54.46,5,2,28,0
438.96,1.57,3,4,16.43,6,2,33,0
358.23,1.66,2,3,39.9,7,3,27,0
456.55,0.85,0,6,25.53,6,1,35,0
298.27,3.16,0,1,110.38,4,2,22,0
490.93,3.67,0,4,88.55,10,0,37,0
579.89,3.19,1,4,93.58,7,0,44,0
313.72,5.01,0,3,87.66,5,5,24,1
305.45,2.49,2,5,75.01,2,2,23,0
495.34,3.5,0,9,113.82,5,1,38,0
507.96,0.86,4,4,51.68,4,1,39,0
297.71,1.92,0,2,73.2,3,0,22,0
307.98,3.54,0,5,92.41,2,2,23,0
321.82,3.77,0,5,30.36,2,1,24,0
215.55,2.06,2,7,162.9,6,1,16,0
258.13,2.39,0,5,70.86,12,4,19,0
249.59,0.22,2,5,74.26,7,2,19,0
273.22,1.96,1,6,107.71,1,1,21,0
346.53,3.84,2,10,97.45,8,1,26,0
373.42,3.36,1,5,71.14,4,1,28,0
505.05,3.25,2,2,73.9,3,3,38,0
250.16,2.57,3,4,24.88,10,3,19,0
448.43,2.51,0,3,53.31,2,0,34,0
328.6,1.51,3,4,85.52,7,2,25,0
345.05,3.55,3,6,83.32,3,2,26,0
417.48,3.13,2,7,106.63,5,1,32,0
237.73,3.24,1,2,66.38,5,1,18,0
388.24,1.71,1,5,28.38,9,0,29,0
366.65,-0.73,3,9,101.7,2,0,28,0
399.25,4.15,2,6,113.08,7,2,30,0
378.92,1.78,1,4,96.95,5,3,29,0
595.53,1.21,2,7,65.09,6,1,45,0
286.23,3.54,0,1,101.33,4,2,22,0
296.9,1.91,0,3,172.87,5,2,22,0
287.69,4.09,3,3,73.45,6,2,22,0
294.45,3.43,1,2,30.65,10,1,22,0
286.26,3.53,2,4,52.41,7,3,22,0
468.9,0.45,1,7,88.76,2,0,36,0
492.05,4.32,1,4,21.86,7,3,37,0
292.93,2.89,1,4,75.08,5,2,22,0
266.76,1.95,4,4,81.41,9,1,20,0
397.14,2.72,0,6,116.05,4,1,30,0
294.78,-0.16,1,5,109.31,7,2,22,0
413.29,3.11,3,3,95.94,3,1,31,0
370.29,0.96,0,2,10.0,7,2,28,0
198.43,0.47,1,7,97.63,6,3,15,0
504.75,0.22,1,4,91.17,3,1,38,0
529.59,4.17,0,2,77.68,5,2,40,0
288.72,1.56,3,3,18.09,4,3,22,0
311.23,4.8,0,4,46.7,7,3,23,0
378.59,1.7,2,7,35.0,6,4,29,0
383.45,-0.06,0,3,10.0,3,1,29,0
415.85,0.83,2,1,69.91,3,2,31,0
551.02,4.35,1,4,46.07,2,3,42,0
332.31,2.27,3,9,148.76,6,1,25,0
270.17,1.68,3,4,64.94,5,0,20,0
212.07,2.74,2,4,108.81,6,0,16,0
276.91,3.25,3,7,22.93,5,0,21,0
346.69,4.18,2,5,54.1,6,0,26,0
529.46,4.67,1,3,72.91,3,4,40,1
298.24,1.96,0,6,42.76,5,1,22,0
372.38,0.51,2,5,57.33,8,2,28,0
348.36,1.88,0,6,63.46,6,0,26,0
468.84,2.89,1,5,62.98,4,3,36,0
602.69,1.05,0,2,125.65,4,0,46,0
296.91,1.06,0,5,81.35,2,1,22,0
301.06,3.02,4,5,84.39,6,0,23,0
454.42,2.43,2,5,86.19,10,0,34,0
418.19,2.55,0,5,88.38,5,1,32,0
534.67,1.36,3,5,67.51,3,3,41,0
408.39,2.15,0,4,60.38,7,0,31,0
314.07,1.11,1,4,75.0,6,1,24,0
409.07,3.84,2,4,104.7,5,2,31,0
460.87,4.05,2,4,103.79,6,6,35,1
432.05,-0.27,1,3,62.79,1,2,33,0
400.73,1.11,4,4,93.04,5,2,30,0
456.67,0.26,1,6,64.16,4,2,35,0
466.93,1.52,2,7,71.02,9,2,35,0
488.22,2.37,3,6,55.79,9,2,37,0
414.87,0.33,0,5,64.55,6,4,31,0
333.29,1.12,2,1,110.24,9,2,25,0
364.67,0.99,1,7,72.77,7,1,28,0
470.65,2.81,1,5,74.06,2,1,36,0
268.31,2.6,1,5,26.58,3,3,20,0
386.87,1.42,1,3,60.72,4,1,29,0
310.67,2.77,2,6,62.76,5,3,23,0
352.87,1.68,2,5,45.13,8,3,27,0
477.85,2.09,1,0,70.65,4,1,36,0
369.11,5.01,2,6,57.12,4,0,28,0
354.64,4.51,3,3,72.4,4,2,27,0
214.01,0.55,2,3,73.65,3,3,16,0
424.63,3.74,2,5,41.33,2,0,32,0
414.55,3.72,3,5,58.04,5,2,31,0
566.33,0.78,1,4,72.32,9,2,43,0
319.22,3.73,1,4,105.53,6,4,24,0
371.92,4.81,2,2,77.7,3,0,28,0
374.94,0.82,0,2,50.14,4,2,28,0
507.75,1.12,2,4,81.97,3,2,39,0
340.47,4.03,0,7,121.23,4,2,26,0
377.9,2.91,1,6,97.5,3,2,29,0
410.79,3.33,0,6,86.43,5,1,31,0
368.66,3.01,1,4,91.77,6,0,28,0
305.36,3.09,1,3,113.2,8,1,23,0
369.41,0.51,2,1,102.27,2,2,28,0
457.36,4.07,1,0,87.0,6,0,35,0
247.35,4.25,2,4,102.06,4,1,19,0
363.3,2.16,1,5,37.55,5,3,27,0
279.99,2.43,2,1,24.93,5,2,21,0
469.5,0.2,1,4,74.71,7,1,36,0
197.68,3.27,1,6,72.06,7,2,15,0
294.11,3.36,1,8,53.68,6,0,22,0
387.72,2.41,2,5,94.78,5,5,29,1
506.55,4.19,2,4,14.11,2,2,38,0
343.42,2.0,0,3,53.96,0,1,26,0
294.48,3.35,1,6,55.45,4,2,22,0
538.12,0.97,0,3,20.91,4,1,41,0
205.2,2.46,4,6,114.84,2,3,15,0
130.12,2.24,1,2,29.22,5,5,10,0
394.0,2.84,2,5,52.35,8,5,30,1
299.79,1.95,1,7,97.24,5,5,23,0
247.88,2.3,0,4,89.38,7,1,19,0
420.84,3.74,0,3,36.75,7,5,32,1
374.38,1.84,4,5,90.47,6,2,28,0
293.59,0.09,0,4,78.69,6,3,22,0
221.97,5.12,1,3,139.99,5,2,17,0
437.25,4.57,2,9,82.12,5,2,33,0
415.02,0.56,0,4,65.76,4,1,31,0
340.08,3.53,0,3,44.3,10,1,26,0
534.66,1.75,3,2,47.67,2,2,41,0
242.99,2.9,1,7,45.23,8,0,18,0
197.45,2.94,0,4,111.13,2,6,15,0
280.81,2.15,2,2,70.54,4,4,21,0
345.44,1.32,2,5,86.96,7,0,26,0
374.33,1.46,3,7,115.43,3,1,28,0
325.88,1.13,0,8,10.0,6,0,25,0
385.21,1.25,0,5,108.37,10,0,29,0
224.85,2.4,0,5,71.66,5,3,17,0
494.38,1.43,2,2,83.05,4,4,38,0
341.78,3.52,1,3,45.15,4,3,26,0
461.73,4.73,1,3,47.35,7,0,35,0
384.27,1.63,1,8,84.67,4,1,29,0
395.68,2.86,1,4,141.54,1,1,30,0
406.98,3.25,1,6,100.1,4,2,31,0
394.77,3.21,0,5,107.97,2,4,30,1
414.27,2.61,0,3,64.24,12,0,31,0
482.92,3.61,1,2,51.99,4,1,37,0
369.65,3.22,3,6,46.58,7,1,28,0
420.9,0.64,0,8,55.35,8,1,32,0
341.03,3.8,0,5,10.0,6,0,26,0
494.01,3.83,1,6,48.25,8,4,38,1
282.36,1.36,0,3,53.19,4,3,21,0
530.09,2.56,0,4,64.74,1,2,40,0
345.98,3.52,1,9,73.95,3,2,26,0
206.92,2.19,2,4,80.87,4,3,15,0
362.81,4.11,0,5,69.55,4,2,27,0
281.89,6.05,0,1,52.56,5,2,21,0
434.06,1.32,5,5,11.1,6,5,33,1
284.74,0.43,1,4,52.74,7,2,21,0
305.38,2.96,0,2,40.83,7,2,23,0
161.05,3.58,0,2,83.98,2,3,12,0
304.77,2.15,3,6,97.28,6,1,23,0
107.61,4.68,0,4,98.16,6,1,8,0
191.61,0.49,2,4,92.71,4,3,14,0
426.04,3.54,1,5,65.99,6,0,32,0
428.58,1.59,1,4,54.34,8,1,32,0
392.55,5.08,1,6,47.59,6,4,30,1
253.3,5.49,2,6,24.78,2,3,19,0
345.23,1.35,1,8,99.76,3,2,26,0
349.64,1.68,0,2,64.76,9,4,26,0
234.16,3.79,2,6,32.61,6,2,18,0
500.34,1.92,1,6,45.21,8,1,38,0
437.74,2.43,1,2,43.99,3,2,33,0
327.9,2.54,3,10,71.29,5,2,25,0
352.69,-0.38,2,4,102.02,9,1,27,0
370.84,2.48,2,6,59.56,5,6,28,1
145.83,1.47,4,7,10.0,2,2,11,0
325.28,1.76,3,4,64.32,7,4,25,0
281.8,4.67,0,3,65.31,2,3,21,0
249.84,0.62,2,4,63.25,2,4,19,0
321.89,3.72,1,5,51.18,6,1,24,0
529.77,2.08,1,6,76.52,5,4,40,1
414.08,2.08,1,2,71.98,7,1,31,0
292.88,3.69,3,2,69.26,6,1,22,0
407.26,3.01,0,8,82.38,5,0,31,0
489.94,3.36,1,1,57.11,7,1,37,0
442.46,3.95,4,4,55.4,5,3,34,0
355.96,2.0,1,4,111.4,5,0,27,0
285.31,1.58,2,2,86.78,9,3,21,0
419.82,0.87,2,2,94.81,7,0,32,0
389.35,1.26,1,5,106.78,3,2,29,0
439.52,6.92,1,3,85.78,7,3,33,1
413.52,4.37,4,0,97.85,6,5,31,1
454.96,0.47,2,5,22.62,7,2,34,0
296.48,0.52,2,7,76.12,3,1,22,0
481.74,3.22,2,6,64.52,4,5,37,1
369.76,3.32,3,1,120.33,7,1,28,0
557.53,3.32,2,3,97.83,8,5,42,1
281.08,2.12,1,2,51.09,5,3,21,0
523.6,2.31,2,9,81.18,5,0,40,0
369.79,2.99,1,8,75.03,5,0,28,0
284.86,2.63,2,2,83.63,4,2,21,0
301.61,-0.83,2,2,39.43,5,3,23,0
317.97,2.16,2,5,80.8,5,2,24,0
392.42,1.22,2,7,63.16,3,0,30,0
402.28,2.76,2,8,78.47,3,1,30,0
292.63,6.98,1,2,48.27,3,3,22,1
347.56,3.05,0,5,52.45,3,2,26,0
564.23,2.03,2,4,105.22,6,5,43,1
522.75,3.88,0,2,38.45,6,4,40,0
393.63,3.22,0,3,40.67,6,1,30,0
353.8,3.13,2,6,68.45,5,2,27,0
362.0,3.41,1,4,46.84,3,2,27,0
411.35,5.58,0,5,43.45,6,3,31,1
247.72,0.8,0,2,73.15,6,1,19,0
324.26,3.21,1,1,24.85,5,2,24,0
183.14,1.11,1,4,39.76,4,3,14,0
389.92,3.33,3,5,131.62,5,0,29,0
414.72,1.12,2,4,83.78,6,2,31,0
301.68,1.87,1,1,47.6,4,2,23,0
507.4,2.06,1,6,82.55,4,2,39,0
227.42,3.96,4,0,87.02,4,1,17,0
203.56,3.88,2,2,99.83,6,1,15,0
372.45,0.63,1,3,66.19,4,4,28,0
454.71,2.58,1,4,99.29,3,1,34,0
518.39,1.44,1,2,10.0,4,2,39,0
304.11,0.61,0,6,38.31,6,0,23,0
457.87,2.17,3,5,74.92,4,1,35,0
346.15,2.04,2,1,79.89,3,1,26,0
332.74,6.14,0,8,42.65,6,1,25,0
438.37,3.15,5,5,77.78,6,0,33,0
415.23,0.43,0,2,51.28,3,1,31,0
192.36,1.65,1,7,61.69,3,2,14,0
497.65,4.03,3,5,100.74,2,0,38,0
488.01,5.63,1,7,97.27,3,1,37,0
287.44,0.12,2,5,40.09,5,2,22,0
389.58,-0.32,2,2,38.28,7,2,29,0
399.4,5.31,1,4,57.66,3,1,30,0
376.07,3.08,3,5,69.2,3,4,28,0
294.97,1.2,1,6,50.26,6,2,22,0
282.84,3.3,2,4,101.22,7,4,21,0
347.44,-1.45,2,2,80.42,3,1,26,0
467.27,2.51,2,1,82.18,6,2,35,0
404.36,2.99,0,6,32.0,8,4,31,1
312.94,3.89,1,5,105.02,3,2,24,0
427.17,0.98,4,8,10.0,3,5,32,0
100.0,2.63,0,6,95.02,5,2,7,0
464.88,1.11,1,3,98.03,5,1,35,0
176.03,2.88,0,0,57.03,7,1,13,0
313.76,1.16,2,5,108.19,9,1,24,0
238.03,1.89,4,6,68.11,4,2,18,0
220.53,1.01,3,6,71.87,6,1,16,0
466.08,3.48,0,2,80.19,6,2,35,0
303.23,3.79,1,7,165.6,5,4,23,0
384.65,2.15,0,2,110.33,6,2,29,0
345.31,2.56,1,4,91.03,10,5,26,1
397.7,0.33,3,6,42.62,4,3,30,0
357.68,2.05,0,3,74.31,3,4,27,0
221.7,2.42,3,5,45.61,8,1,17,0
449.63,6.43,2,4,94.66,6,1,34,0
300.62,0.83,2,4,74.21,7,2,23,0
194.34,4.7,1,4,36.26,5,1,14,0
307.19,4.0,2,6,72.43,6,3,23,0
500.08,2.92,1,1,44.52,2,2,38,0
435.02,5.14,1,6,74.54,4,0,33,0
315.13,3.06,6,4,44.23,4,0,24,0
315.07,3.08,2,4,70.82,5,0,24,0
317.84,2.42,1,3,92.51,6,2,24,0
557.67,4.34,2,3,68.41,6,2,42,0
388.19,4.14,0,0,58.27,3,1,29,0
393.0,1.56,0,5,76.1,6,3,30,0
453.03,0.52,2,4,90.92,3,1,34,0
373.88,2.2,2,1,36.78,7,2,28,0
324.1,1.3,1,3,77.82,3,1,24,0
330.37,2.4,0,11,109.53,6,2,25,0
342.84,4.36,1,3,87.21,9,2,26,0
346.28,1.81,1,7,71.73,3,1,26,0
422.76,2.44,0,8,89.19,5,2,32,0
355.19,2.59,1,6,83.57,7,0,27,0
423.26,3.77,0,4,92.61,2,3,32,0
341.93,-0.87,1,6,10.0,4,1,26,0
357.86,1.59,0,3,23.4,4,3,27,0
150.18,2.82,5,2,100.14,12,4,11,0
441.63,4.3,4,5,24.84,3,1,33,0
384.65,1.76,3,6,82.05,4,5,29,0
449.8,-0.31,1,4,59.44,7,0,34,0
100.0,3.43,1,4,40.11,6,3,7,0
558.84,1.55,0,4,80.49,9,3,42,0
336.04,0.72,1,5,76.03,6,2,25,0
460.82,1.56,3,5,133.31,3,1,35,0
246.01,2.22,2,5,51.26,3,0,18,0
411.28,1.59,0,6,113.2,1,5,31,0
244.66,-0.81,1,4,80.57,4,0,18,0
287.62,3.85,3,5,50.17,4,0,22,0
541.4,4.41,2,4,93.98,2,1,41,0
330.93,3.48,1,5,86.97,2,2,25,0
371.74,0.79,2,5,71.08,8,1,28,0
437.01,2.2,1,3,77.99,8,5,33,1
399.57,2.49,2,5,52.09,6,1,30,0
365.04,3.4,2,4,45.23,7,2,28,0
386.5,3.5,0,8,92.78,1,3,29,0
590.34,1.4,2,3,63.28,6,1,45,0
344.24,2.62,1,2,67.6,5,1,26,0
370.11,3.19,1,0,78.39,7,1,28,0
455.07,4.68,2,5,77.96,11,2,35,0
460.55,3.56,1,3,27.12,1,1,35,0
468.7,3.68,1,4,108.59,5,2,36,0
413.87,2.63,0,1,73.64,5,2,31,0
235.7,4.62,1,6,63.92,5,4,18,0
513.34,3.11,2,3,82.93,3,1,39,0
235.37,1.21,1,1,77.1,4,3,18,0
380.26,4.61,3,2,93.01,6,3,29,0
274.57,3.55,2,5,86.14,7,3,21,0
343.59,1.84,0,4,91.54,7,3,26,0
382.88,1.78,0,9,110.53,2,0,29,0
382.14,2.94,2,8,96.51,5,0,29,0
392.19,3.19,3,0,65.19,8,2,30,0
511.37,2.8,0,5,36.31,6,2,39,0
395.35,2.97,2,3,120.03,8,0,30,0
325.58,5.05,2,7,62.87,4,1,25,0
446.41,4.11,2,1,55.81,4,0,34,0
468.95,2.79,0,6,17.9,3,1,36,0
227.24,3.91,2,8,80.15,2,1,17,0
409.74,0.95,2,4,74.47,4,0,31,0
420.12,3.1,0,4,24.55,5,1,32,0
320.24,5.21,0,6,83.6,5,2,24,0
487.57,2.17,1,5,55.05,3,5,37,0
334.99,1.23,1,3,150.71,4,0,25,0
362.56,1.52,1,4,52.92,3,0,27,0
332.69,0.87,1,7,56.94,9,3,25,0
351.56,1.32,2,6,43.76,2,6,27,1
240.37,1.94,3,5,108.34,7,2,18,0
205.99,0.39,1,5,58.82,5,1,15,0
509.45,2.52,3,3,48.25,6,1,39,0
265.3,3.85,2,3,91.21,5,1,20,0
250.86,1.14,3,4,28.59,11,2,19,0
134.66,4.78,2,4,88.75,3,2,10,0
286.1,3.27,4,3,123.44,3,1,22,0
217.69,4.05,2,11,87.0,5,0,16,0
514.2,1.51,1,3,89.14,5,2,39,0
450.98,3.78,1,4,96.1,3,5,34,1
281.18,0.86,0,10,121.29,6,4,21,0
575.24,3.84,1,5,106.3,5,1,44,0
448.18,2.76,1,3,83.19,6,3,34,0
317.52,3.33,3,3,97.12,2,2,24,0
100.06,0.74,1,3,43.42,5,2,7,0
579.09,1.16,0,4,93.29,6,3,44,0
211.04,3.4,2,2,39.83,2,1,16,0
185.46,1.08,0,2,58.99,8,6,14,0
452.26,3.19,0,7,10.0,5,5,34,1
593.98,0.45,2,4,82.04,5,2,45,0
488.43,3.77,2,4,50.68,12,3,37,0
406.39,0.65,1,4,103.33,4,2,31,0
409.48,3.33,1,4,81.71,7,0,31,0
435.34,3.44,0,4,103.72,5,0,33,0
425.89,1.45,1,7,37.49,3,1,32,0
378.12,3.37,1,4,101.15,8,3,29,1
360.42,2.89,1,6,133.18,3,2,27,0
343.74,1.69,4,3,92.92,3,2,26,0
274.6,0.99,2,7,93.71,6,4,21,0
321.93,-0.44,2,3,75.09,4,0,24,0
180.7,3.02,1,7,54.26,7,2,13,0
340.17,0.15,5,6,92.84,5,0,26,0
251.14,2.64,1,6,24.82,4,6,19,1
239.64,2.1,3,3,57.47,3,1,18,0
367.99,3.52,1,1,16.87,3,1,28,0
489.2,2.05,2,4,48.89,6,4,37,1
441.83,2.01,2,7,89.26,4,3,33,0
192.95,3.6,0,2,85.16,3,2,14,0
251.04,3.0,1,3,71.53,7,1,19,0
444.08,2.97,3,9,75.11,2,1,34,0
251.75,3.2,2,5,13.42,7,2,19,0
327.54,0.2,2,11,58.82,3,1,25,0
405.01,3.64,2,2,49.56,6,3,31,0
253.17,3.42,0,3,50.23,5,2,19,0
360.54,0.97,4,3,87.99,4,0,27,0
216.6,2.13,0,2,44.18,3,2,16,0
289.86,2.44,2,2,51.86,4,2,22,0
381.98,2.3,1,7,10.0,6,3,29,0
190.7,3.0,0,5,61.18,6,1,14,0
394.05,4.65,0,8,37.36,3,5,30,1
348.04,4.12,2,3,72.38,3,2,26,0
405.25,0.53,2,4,41.47,4,1,31,0
372.39,3.43,0,2,73.14,7,2,28,0
486.41,4.49,0,1,65.66,5,2,37,0
362.52,3.08,2,6,120.16,6,2,27,0
307.06,4.14,2,3,84.92,4,1,23,0
362.23,5.52,1,2,14.81,2,1,27,0
404.33,4.04,2,2,32.05,4,2,31,0
354.89,2.87,1,2,71.66,6,3,27,0
354.06,4.07,3,6,42.1,6,4,27,1
279.8,2.72,1,11,10.0,7,1,21,0
283.71,2.54,1,3,110.49,6,1,21,0
209.74,1.97,6,4,91.61,2,2,16,0
524.96,4.85,1,5,85.63,6,0,40,0
225.61,1.27,1,4,51.78,5,3,17,0
280.71,4.8,2,11,82.83,3,4,21,1
278.16,3.25,0,5,48.87,6,2,21,0
439.49,0.4,1,5,76.15,6,2,33,0
320.51,3.05,0,4,42.38,11,4,24,0
474.77,-0.65,0,3,115.49,5,0,36,0
282.65,3.44,1,5,22.89,7,2,21,0
377.9,3.83,3,2,106.97,5,1,29,0
266.47,1.61,2,5,71.17,4,1,20,0
564.51,2.69,0,3,55.32,1,0,43,0
231.24,5.43,2,6,75.01,7,2,17,0
380.98,1.74,1,4,92.0,5,4,29,0
413.38,0.91,3,6,111.0,4,2,31,0
391.38,4.72,2,1,79.39,6,2,30,0
331.47,5.44,1,4,43.28,1,0,25,0
337.02,2.51,0,4,71.67,3,3,25,0
354.38,4.02,3,6,124.5,5,1,27,0
335.3,4.51,3,2,110.43,8,3,25,0
446.39,1.39,2,6,97.26,5,6,34,1
571.05,1.77,2,3,93.87,2,4,43,1
294.25,4.35,0,2,90.98,11,0,22,0
213.02,5.03,0,8,104.76,8,1,16,0
341.17,3.34,1,4,56.3,3,1,26,0
607.97,1.18,1,4,29.35,7,2,46,0
269.63,5.48,1,1,72.07,5,3,20,0
513.91,1.7,1,5,45.47,3,0,39,0
517.77,2.0,2,4,38.35,10,5,39,1
294.64,3.01,1,0,48.39,6,0,22,0
406.9,4.83,2,1,144.56,7,6,31,1
512.84,3.78,0,8,74.08,2,0,39,0
312.09,3.12,2,6,80.86,4,2,24,0
329.64,3.19,1,6,33.33,8,4,25,1
291.83,2.57,1,5,14.69,6,3,22,0
248.52,3.34,3,7,45.43,4,1,19,0
285.07,-1.29,1,4,113.15,7,3,21,0
227.61,2.06,2,3,80.03,5,3,17,0
353.41,2.86,0,9,87.96,5,2,27,0
273.0,0.77,1,4,92.16,4,3,21,0
373.38,3.08,1,2,52.26,7,1,28,0
194.41,2.19,1,2,111.64,7,1,14,0
383.09,5.13,2,4,51.02,5,2,29,0
433.35,4.86,1,3,112.19,2,0,33,0
150.63,1.8,2,2,83.27,5,3,11,0
387.41,2.27,2,6,16.33,1,1,29,0
472.77,2.39,2,2,47.56,3,4,36,0
229.04,1.82,1,1,16.45,11,2,17,0
517.26,2.79,1,7,104.9,4,4,39,1
391.9,1.36,0,2,69.26,6,1,30,0
279.5,0.8,1,6,10.0,5,0,21,0
344.42,3.43,0,2,81.27,11,1,26,0
405.83,3.44,1,3,53.89,5,3,31,0
357.6,1.29,2,3,25.49,7,2,27,0
403.88,3.84,1,3,120.34,6,3,31,0
257.93,1.55,0,9,73.22,6,2,19,0
366.94,2.88,1,13,61.2,7,0,28,0
208.63,3.73,2,3,58.02,6,2,16,0
338.88,2.45,2,6,24.6,5,1,26,0
259.61,3.18,0,0,30.86,2,1,19,0
276.45,1.73,2,6,108.55,3,2,21,0
473.61,2.21,2,2,55.78,2,2,36,0
459.13,2.19,1,4,70.66,4,0,35,0
410.91,1.38,0,3,10.0,6,3,31,0
240.77,2.23,1,7,30.46,2,1,18,0
318.36,0.18,2,5,88.29,6,2,24,0
471.31,1.76,2,3,81.33,6,2,36,0
364.17,2.07,3,4,122.6,7,2,28,0
581.93,2.12,2,7,110.29,5,1,44,0
389.33,2.14,1,4,63.08,2,2,29,0
369.2,2.41,0,8,84.19,2,4,28,1
319.09,3.22,2,2,60.5,7,2,24,0
363.35,3.81,0,5,131.64,3,5,27,1
334.75,1.53,2,6,104.47,8,3,25,0
420.81,0.7,4,7,75.09,3,2,32,0
445.67,0.94,2,2,76.01,3,2,34,0
271.4,1.77,0,1,113.35,6,2,20,0
216.88,1.97,2,2,87.39,6,5,16,0
166.38,1.35,1,5,116.76,4,2,12,0
400.8,0.56,1,4,10.0,5,0,30,0
239.66,1.82,2,4,83.84,7,6,18,1
134.71,2.77,3,2,54.54,5,4,10,0
388.86,3.39,0,7,122.69,5,1,29,0
599.3,1.66,4,5,116.39,5,5,46,1
349.39,1.88,1,6,70.99,4,0,26,0
433.85,1.11,0,5,116.07,6,3,33,0
358.18,2.45,0,4,123.49,2,0,27,0
340.11,1.23,2,4,72.23,4,4,26,0
441.91,3.36,0,5,144.16,5,2,33,0
320.97,-0.18,4,5,69.06,7,4,24,0
376.74,1.96,1,4,63.56,3,0,28,0
382.17,2.95,0,4,95.98,9,1,29,0
283.19,2.78,3,5,59.39,2,1,21,0
449.2,6.54,1,7,72.56,3,1,34,0
332.5,3.02,1,2,112.28,6,2,25,0
274.43,0.99,1,5,70.58,5,4,21,0
403.65,2.36,1,6,19.15,7,4,31,1
260.15,-0.16,2,7,81.02,2,0,20,0
352.82,2.38,0,8,49.11,8,2,27,0
349.09,1.25,2,7,95.96,7,3,26,0
458.59,3.87,4,6,90.89,2,1,35,0
397.47,1.68,0,5,114.14,6,0,30,0
347.5,2.32,2,4,97.23,3,0,26,0
431.78,1.55,1,10,102.71,4,0,33,0
489.02,5.11,2,5,49.93,5,2,37,0
405.78,2.02,1,8,94.12,4,1,31,0
351.04,5.25,2,2,129.05,6,1,27,0
218.82,3.72,2,5,49.34,5,1,16,0
243.49,3.22,0,2,123.99,6,1,18,0
319.48,3.05,3,5,53.52,3,4,24,0
289.05,3.09,0,3,44.44,4,1,22,0
331.3,-0.39,3,7,78.89,3,1,25,0
355.66,2.08,2,2,91.48,4,1,27,0
402.97,3.77,1,4,97.35,4,1,30,0
342.95,2.43,5,6,41.15,5,3,26,0
398.65,0.39,0,2,83.04,4,2,30,0
356.45,2.42,1,5,49.43,6,2,27,0
152.45,5.06,1,3,25.33,5,3,11,0
256.07,4.37,0,9,42.14,7,2,19,0
335.59,2.41,1,3,47.47,5,1,25,0
229.03,3.93,1,5,85.65,5,3,17,0
409.99,1.95,1,4,104.57,6,0,31,0
503.08,-0.06,2,4,25.8,3,4,38,0
471.88,1.11,2,7,80.56,7,3,36,0
328.66,4.84,1,2,34.7,6,3,25,0
499.07,2.09,1,6,88.87,7,1,38,0
364.87,2.13,2,7,51.32,7,2,28,0
316.29,2.05,0,10,38.46,5,4,24,1
288.66,5.36,0,7,93.99,5,3,22,1
319.75,4.94,2,6,52.39,5,1,24,0
311.18,5.83,1,3,60.52,7,0,23,0
367.04,2.26,1,5,10.0,3,1,28,0
366.06,2.94,1,4,98.4,6,0,28,0
350.3,0.23,0,2,94.63,6,5,26,0
393.69,4.72,0,3,70.16,3,2,30,0
469.06,0.75,2,8,24.17,8,2,36,0
444.96,2.83,0,4,106.28,7,2,34,0
201.51,0.85,0,3,50.01,3,0,15,0
100.0,1.62,1,9,56.4,4,1,7,0
443.43,1.24,3,8,139.36,2,0,34,0
213.31,1.59,0,4,48.89,4,2,16,0
327.52,1.69,3,2,92.27,3,5,25,0
232.99,1.68,3,5,86.86,5,1,17,0
169.8,3.75,2,4,81.71,6,1,13,0
404.15,0.84,1,5,78.46,6,3,31,0
425.92,2.83,1,6,81.29,4,1,32,0
292.35,4.33,2,2,78.16,4,1,22,0
100.0,1.73,1,0,68.44,5,1,7,0
295.38,1.42,3,2,115.34,8,2,22,0
389.18,2.15,1,3,30.62,5,3,29,0
202.11,4.27,1,2,100.64,8,2,15,0
368.34,2.79,1,2,94.67,2,2,28,0
348.47,1.7,3,5,90.95,7,3,26,0
407.93,3.23,2,9,103.51,11,2,31,0
361.96,0.85,0,2,67.22,4,2,27,0
252.69,3.52,3,3,13.93,6,4,19,0
469.66,3.11,2,7,67.83,3,1,36,0
334.15,2.04,2,3,40.26,3,3,25,0
347.27,1.24,3,4,48.04,1,4,26,0
256.67,1.17,2,8,32.73,3,2,19,0
305.67,3.3,1,5,55.68,6,3,23,0
261.52,4.34,3,5,52.1,3,2,20,0
332.71,1.54,3,1,10.0,2,2,25,0
521.17,3.19,1,5,91.01,6,3,40,0
212.81,-0.63,3,10,136.61,4,3,16,0
188.64,1.62,2,4,88.19,3,4,14,0
497.12,2.45,2,2,63.91,6,2,38,0
329.07,1.14,2,4,68.36,2,1,25,0
283.09,1.1,2,4,57.37,3,3,21,0
453.99,1.5,4,3,72.7,10,1,34,0
289.44,2.94,1,6,68.89,7,1,22,0
532.6,2.22,1,3,44.77,4,1,40,0
417.79,-0.86,1,7,120.49,1,3,32,0
301.21,-0.68,2,8,25.39,3,2,23,0
565.73,1.59,0,4,91.55,7,1,43,0
289.43,3.19,1,5,66.96,7,0,22,0
424.21,-1.62,0,5,127.02,3,0,32,0
379.93,1.75,4,1,80.23,7,2,29,0
480.17,1.71,2,2,59.2,2,1,36,0
506.15,4.58,4,2,62.57,5,2,38,0
353.2,1.92,2,5,71.2,2,2,27,0
274.66,3.07,1,3,35.72,4,1,21,0
396.0,2.71,1,2,46.99,5,5,30,0
282.23,-0.7,3,4,16.45,3,0,21,0
551.34,3.65,3,2,42.31,4,4,42,1
363.65,2.82,1,5,72.82,5,3,27,1
313.47,3.26,0,5,79.01,2,3,24,0
368.47,7.0,2,2,10.62,5,0,28,0
215.29,-0.63,3,5,65.88,6,5,16,0
252.84,5.09,2,4,86.9,2,2,19,0
470.04,2.07,0,4,65.11,5,0,36,0
284.31,2.93,0,3,50.99,5,1,21,0
245.31,2.43,2,4,57.64,7,4,18,0
403.67,1.86,0,5,53.78,8,2,31,0
468.57,1.65,1,2,50.9,7,5,36,0
421.9,2.99,1,7,75.21,4,5,32,1
449.6,0.22,0,8,139.23,7,2,34,0
274.32,3.63,1,5,47.69,6,2,21,0
207.82,1.88,1,5,60.46,7,2,15,0
500.13,0.8,2,1,68.45,5,3,38,0
317.73,1.82,2,3,49.38,5,2,24,0
324.92,4.39,0,6,102.95,5,0,24,0
482.82,1.7,3,1,10.0,7,1,37,0
405.62,3.04,0,3,54.07,5,2,31,0
395.59,1.4,1,6,94.55,2,2,30,0
566.5,3.64,2,3,61.18,4,1,43,0
285.65,3.53,3,7,45.37,7,5,21,0
442.78,5.27,0,5,83.22,7,0,34,0
355.7,2.24,1,5,97.19,6,2,27,0
376.86,3.5,1,3,76.32,3,1,28,0
502.85,2.65,1,4,45.96,1,2,38,0
400.78,4.44,1,1,83.69,4,1,30,0
403.83,1.42,1,7,57.94,9,3,31,0
457.25,3.62,1,4,92.36,5,3,35,0
313.5,2.21,3,5,114.5,4,0,24,0
266.08,2.4,0,4,10.0,4,1,20,0
245.52,2.64,2,6,73.33,7,1,18,0
153.36,2.88,1,8,17.93,4,2,11,0
555.62,2.33,1,3,143.25,6,6,42,1
239.68,2.82,3,6,55.96,2,2,18,0
327.87,4.87,2,12,92.39,7,3,25,0
322.32,3.98,0,8,68.94,3,3,24,1
380.74,3.8,0,5,45.91,3,1,29,0
431.57,1.82,0,6,42.34,6,0,33,0
436.05,1.17,1,1,117.57,4,1,33,0
291.69,3.93,1,2,98.68,7,1,22,0
333.29,3.81,3,6,128.31,6,1,25,0
378.26,4.71,1,5,71.66,8,1,29,0
325.13,1.59,1,5,78.64,3,5,25,1
510.73,2.16,2,2,61.98,5,5,39,0
399.1,0.04,2,3,61.39,6,2,30,0
423.49,1.91,1,6,38.74,3,3,32,0
416.29,3.99,3,8,72.52,4,3,32,1
467.35,1.8,0,2,46.32,8,2,35,0
368.1,3.46,2,2,83.26,4,0,28,0
220.32,2.21,3,2,75.1,4,2,16,0
389.97,2.99,3,5,78.63,4,2,29,0
284.86,0.78,2,7,120.25,4,2,21,0
297.14,2.63,2,7,68.87,8,2,22,0
408.64,-1.99,3,8,92.7,7,3,31,0
473.83,2.22,1,5,131.55,7,2,36,0
352.13,0.05,0,5,109.2,5,3,27,0
380.88,4.31,1,5,104.6,7,1,29,0
520.22,3.67,1,4,60.8,4,2,40,0
374.08,3.2,1,6,76.89,7,5,28,1
610.17,4.78,3,5,30.45,2,0,46,0
406.55,1.08,0,3,84.97,2,1,31,0
173.92,5.12,2,5,78.23,5,3,13,0
425.33,3.9,1,5,70.7,5,1,32,0
388.12,2.15,2,5,100.82,8,2,29,0
478.98,4.2,0,5,33.77,6,3,36,0
417.32,0.84,0,6,119.05,5,1,32,0
336.15,1.26,2,4,97.05,8,2,25,0
227.57,1.59,0,5,67.88,5,5,17,0
329.1,1.71,2,6,65.54,7,3,25,0
264.95,0.92,1,5,84.42,4,1,20,0
291.95,4.33,2,2,115.63,7,3,22,0
408.86,2.11,2,6,73.05,6,4,31,0
516.99,3.03,1,5,74.32,5,3,39,0
389.47,1.64,2,5,70.54,3,2,29,0
230.41,-0.23,0,3,123.46,5,4,17,0
394.46,2.91,0,7,58.93,5,3,30,0
469.66,-0.37,1,4,69.11,4,0,36,0
289.02,2.4,2,6,113.9,1,2,22,0
336.6,0.45,1,2,74.41,6,1,25,0
351.47,5.48,0,4,104.11,6,3,27,1
271.51,3.87,1,4,42.66,7,1,20,0
414.83,2.66,1,9,63.84,8,1,31,0
337.91,4.4,1,3,114.53,7,1,25,0
391.95,1.23,0,5,49.71,1,0,30,0
261.25,3.32,0,7,65.46,5,0,20,0
306.25,2.8,1,3,77.7,4,2,23,0
422.24,2.9,1,2,40.33,8,3,32,0
312.72,4.41,0,3,57.59,3,1,24,0
522.7,3.6,1,3,73.38,1,3,40,0
310.04,2.93,0,7,71.4,2,3,23,0
372.47,0.02,1,7,108.41,3,1,28,0
443.26,1.06,2,7,116.24,7,3,34,0
208.16,2.32,1,8,44.32,4,1,16,0
173.92,2.64,2,5,73.34,7,2,13,0
197.43,0.8,4,5,90.23,11,3,15,0
476.26,6.12,1,6,115.49,3,1,36,0
294.81,4.77,1,1,91.55,7,6,22,1
605.82,3.4,2,4,78.73,5,5,46,1
293.58,2.61,2,4,90.0,9,2,22,0
368.46,2.18,1,5,90.21,5,1,28,0
504.21,1.07,1,2,42.17,7,1,38,0
550.61,2.62,2,7,75.78,4,1,42,0
556.15,2.89,2,3,113.77,3,0,42,0
470.84,0.64,2,0,63.78,5,2,36,0
452.41,3.0,0,6,73.88,4,1,34,0
409.25,2.27,1,3,62.72,8,1,31,0
